scenario,sim_id,seed,n,tau_true,N,M,K,ml_method,s_eu,strategy,var_type,tau_hat,se,se_iid,se_cr,covers,covers_iid,covers_cr,bias
"(25,25), dim=100, K^2=4, RF",0,7691,6,1.0,25,25,2,rf,0.25,no_cf,twoway_cr,1.023642403795514,0.05388231848454723,0.0437970955247117,0.05388231848454723,1,1,1,0.023642403795514078
"(25,25), dim=100, K^2=4, RF",1,7692,6,1.0,25,25,2,rf,0.25,no_cf,twoway_cr,0.9638357587771508,0.05642736490165043,0.0416946488403855,0.05642736490165043,1,1,1,-0.036164241222849225
"(25,25), dim=100, K^2=4, RF",2,7693,6,1.0,25,25,2,rf,0.25,no_cf,twoway_cr,0.969743040800648,0.04334821051518095,0.039525187821528876,0.04334821051518095,1,1,1,-0.030256959199352007
"(25,25), dim=100, K^2=4, RF",3,7694,6,1.0,25,25,2,rf,0.25,no_cf,twoway_cr,1.0908199040906408,0.05726099154799692,0.04689179248223988,0.05726099154799692,1,1,1,0.09081990409064078
"(25,25), dim=100, K^2=4, RF",4,7695,6,1.0,25,25,2,rf,0.25,no_cf,twoway_cr,1.1263727408061295,0.04381215994474353,0.03716115861627482,0.04381215994474353,0,0,0,0.12637274080612948
"(25,25), dim=100, K^2=4, RF",5,7696,6,1.0,25,25,2,rf,0.25,no_cf,twoway_cr,1.124150704957115,0.0552544753842095,0.03872439057600108,0.0552544753842095,0,0,0,0.12415070495711511
"(25,25), dim=100, K^2=4, RF",6,7697,6,1.0,25,25,2,rf,0.25,no_cf,twoway_cr,1.0724423912887198,0.0541396185605023,0.04133781747606929,0.0541396185605023,1,1,1,0.07244239128871977
"(25,25), dim=100, K^2=4, RF",7,7698,6,1.0,25,25,2,rf,0.25,no_cf,twoway_cr,1.0854199306653907,0.025948559946928473,0.03718627955305821,0.025948559946928473,0,0,0,0.08541993066539066
"(25,25), dim=100, K^2=4, RF",8,7699,6,1.0,25,25,2,rf,0.25,no_cf,twoway_cr,0.93578034518179,0.048062869795482036,0.044210048859878705,0.048062869795482036,1,1,1,-0.06421965481821001
"(25,25), dim=100, K^2=4, RF",9,7700,6,1.0,25,25,2,rf,0.25,no_cf,twoway_cr,0.9848327658476937,0.04314880585071965,0.03610998357407472,0.04314880585071965,1,1,1,-0.015167234152306253
"(25,25), dim=100, K^2=4, RF",10,7701,6,1.0,25,25,2,rf,0.25,no_cf,twoway_cr,1.058494096085533,0.058449104372008426,0.04641541978076483,0.058449104372008426,1,1,1,0.05849409608553291
"(25,25), dim=100, K^2=4, RF",11,7702,6,1.0,25,25,2,rf,0.25,no_cf,twoway_cr,1.0777456417702775,0.035336099894394256,0.04212950379373222,0.035336099894394256,0,1,0,0.07774564177027754
"(25,25), dim=100, K^2=4, RF",12,7703,6,1.0,25,25,2,rf,0.25,no_cf,twoway_cr,1.1289516914842708,0.045198009158730026,0.040164494133775056,0.045198009158730026,0,0,0,0.12895169148427077
"(25,25), dim=100, K^2=4, RF",13,7704,6,1.0,25,25,2,rf,0.25,no_cf,twoway_cr,0.8703806235407957,0.047615739453216024,0.04442195292059755,0.047615739453216024,0,0,0,-0.1296193764592043
"(25,25), dim=100, K^2=4, RF",14,7705,6,1.0,25,25,2,rf,0.25,no_cf,twoway_cr,1.0325820304483582,0.04698607542546977,0.03809850972338267,0.04698607542546977,1,1,1,0.03258203044835817
"(25,25), dim=100, K^2=4, RF",15,7706,6,1.0,25,25,2,rf,0.25,no_cf,twoway_cr,1.0381359951620537,0.06184326276171415,0.04010884242199917,0.06184326276171415,1,1,1,0.03813599516205368
"(25,25), dim=100, K^2=4, RF",16,7707,6,1.0,25,25,2,rf,0.25,no_cf,twoway_cr,0.9788471486277699,0.04530568329074298,0.04286694606121465,0.04530568329074298,1,1,1,-0.021152851372230108
"(25,25), dim=100, K^2=4, RF",17,7708,6,1.0,25,25,2,rf,0.25,no_cf,twoway_cr,1.0027423231805153,0.041247908336363964,0.03906809012372134,0.041247908336363964,1,1,1,0.0027423231805152604
"(25,25), dim=100, K^2=4, RF",18,7709,6,1.0,25,25,2,rf,0.25,no_cf,twoway_cr,1.066009890867035,0.031167229174502306,0.040746027834009026,0.031167229174502306,0,1,0,0.06600989086703501
"(25,25), dim=100, K^2=4, RF",19,7710,6,1.0,25,25,2,rf,0.25,no_cf,twoway_cr,0.9721689571079357,0.061829505346245456,0.046674100240854714,0.061829505346245456,1,1,1,-0.027831042892064284
"(25,25), dim=100, K^2=4, RF",20,7711,6,1.0,25,25,2,rf,0.25,no_cf,twoway_cr,1.0002733928949459,0.050444860239360026,0.04074825746694526,0.050444860239360026,1,1,1,0.0002733928949458786
"(25,25), dim=100, K^2=4, RF",21,7712,6,1.0,25,25,2,rf,0.25,no_cf,twoway_cr,1.0920693228024057,0.05509201508805292,0.04038438255294245,0.05509201508805292,1,0,1,0.09206932280240565
"(25,25), dim=100, K^2=4, RF",22,7713,6,1.0,25,25,2,rf,0.25,no_cf,twoway_cr,1.0009595407097147,0.034740158875510234,0.03997823880795085,0.034740158875510234,1,1,1,0.0009595407097147124
"(25,25), dim=100, K^2=4, RF",23,7714,6,1.0,25,25,2,rf,0.25,no_cf,twoway_cr,1.0116019670446283,0.04987467103543606,0.04232050654558556,0.04987467103543606,1,1,1,0.011601967044628347
"(25,25), dim=100, K^2=4, RF",24,7715,6,1.0,25,25,2,rf,0.25,no_cf,twoway_cr,1.0477808014708396,0.06087333673260184,0.048051578083577205,0.06087333673260184,1,1,1,0.04778080147083963
"(25,25), dim=100, K^2=4, RF",25,7716,6,1.0,25,25,2,rf,0.25,no_cf,twoway_cr,0.9950146816422948,0.05745182950373256,0.045731223783738874,0.05745182950373256,1,1,1,-0.004985318357705215
"(25,25), dim=100, K^2=4, RF",26,7717,6,1.0,25,25,2,rf,0.25,no_cf,twoway_cr,1.0852895517061425,0.05355765727169236,0.03595331652075318,0.05355765727169236,1,0,1,0.0852895517061425
"(25,25), dim=100, K^2=4, RF",27,7718,6,1.0,25,25,2,rf,0.25,no_cf,twoway_cr,1.0882380820047644,0.04290083004926378,0.03905748805903941,0.04290083004926378,0,0,0,0.08823808200476435
"(25,25), dim=100, K^2=4, RF",28,7719,6,1.0,25,25,2,rf,0.25,no_cf,twoway_cr,0.9324090619642431,0.04648220451455126,0.03652644928043237,0.04648220451455126,1,1,1,-0.06759093803575689
"(25,25), dim=100, K^2=4, RF",29,7720,6,1.0,25,25,2,rf,0.25,no_cf,twoway_cr,1.00690788046875,0.051937128035284934,0.037661547471948914,0.051937128035284934,1,1,1,0.006907880468749905
"(25,25), dim=100, K^2=4, RF",30,7721,6,1.0,25,25,2,rf,0.25,no_cf,twoway_cr,0.9387572988882958,0.04686228121086951,0.04506287536673962,0.04686228121086951,1,1,1,-0.061242701111704156
"(25,25), dim=100, K^2=4, RF",31,7722,6,1.0,25,25,2,rf,0.25,no_cf,twoway_cr,0.9118062364089368,0.06110163186806485,0.046411349201375365,0.06110163186806485,1,1,1,-0.08819376359106323
"(25,25), dim=100, K^2=4, RF",32,7723,6,1.0,25,25,2,rf,0.25,no_cf,twoway_cr,0.9769896471952472,0.035929552930876185,0.041472273140689415,0.035929552930876185,1,1,1,-0.02301035280475283
"(25,25), dim=100, K^2=4, RF",33,7724,6,1.0,25,25,2,rf,0.25,no_cf,twoway_cr,1.0187219754132604,0.035689990007488556,0.036222564835561855,0.035689990007488556,1,1,1,0.018721975413260372
"(25,25), dim=100, K^2=4, RF",34,7725,6,1.0,25,25,2,rf,0.25,no_cf,twoway_cr,0.9227508491577934,0.06781138758588288,0.04087303083525112,0.06781138758588288,1,1,1,-0.07724915084220663
"(25,25), dim=100, K^2=4, RF",35,7726,6,1.0,25,25,2,rf,0.25,no_cf,twoway_cr,0.9866493287124547,0.04351991913866005,0.04033847372305498,0.04351991913866005,1,1,1,-0.013350671287545302
"(25,25), dim=100, K^2=4, RF",36,7727,6,1.0,25,25,2,rf,0.25,no_cf,twoway_cr,0.9825891357349941,0.05641062276710697,0.042779884755247216,0.05641062276710697,1,1,1,-0.017410864265005932
"(25,25), dim=100, K^2=4, RF",37,7728,6,1.0,25,25,2,rf,0.25,no_cf,twoway_cr,0.9349669245597991,0.07044462115819634,0.04006584143728421,0.07044462115819634,1,1,1,-0.06503307544020087
"(25,25), dim=100, K^2=4, RF",38,7729,6,1.0,25,25,2,rf,0.25,no_cf,twoway_cr,1.035030209356672,0.05249943841674792,0.04060800954422278,0.05249943841674792,1,1,1,0.03503020935667189
"(25,25), dim=100, K^2=4, RF",39,7730,6,1.0,25,25,2,rf,0.25,no_cf,twoway_cr,1.015086099524165,0.05768434076914192,0.04274680092990558,0.05768434076914192,1,1,1,0.015086099524165064
"(25,25), dim=100, K^2=4, RF",40,7731,6,1.0,25,25,2,rf,0.25,no_cf,twoway_cr,0.9813645920495998,0.034432259781340485,0.03611326820490835,0.034432259781340485,1,1,1,-0.018635407950400196
"(25,25), dim=100, K^2=4, RF",41,7732,6,1.0,25,25,2,rf,0.25,no_cf,twoway_cr,1.0296731739056417,0.04615928517242766,0.038353745006015384,0.04615928517242766,1,1,1,0.029673173905641725
"(25,25), dim=100, K^2=4, RF",42,7733,6,1.0,25,25,2,rf,0.25,no_cf,twoway_cr,1.0555205073330036,0.04538468784701374,0.04326368033752444,0.04538468784701374,1,1,1,0.05552050733300362
"(25,25), dim=100, K^2=4, RF",43,7734,6,1.0,25,25,2,rf,0.25,no_cf,twoway_cr,0.8834336702122921,0.06626459464376966,0.04128345752560346,0.06626459464376966,1,0,1,-0.11656632978770787
"(25,25), dim=100, K^2=4, RF",44,7735,6,1.0,25,25,2,rf,0.25,no_cf,twoway_cr,1.0463403715250903,0.04358484742171568,0.040983522277174556,0.04358484742171568,1,1,1,0.046340371525090296
"(25,25), dim=100, K^2=4, RF",45,7736,6,1.0,25,25,2,rf,0.25,no_cf,twoway_cr,1.0192276687087694,0.04981110477828517,0.0398732951275346,0.04981110477828517,1,1,1,0.019227668708769352
"(25,25), dim=100, K^2=4, RF",46,7737,6,1.0,25,25,2,rf,0.25,no_cf,twoway_cr,0.9580965829787242,0.050436016379031445,0.03664237742152573,0.050436016379031445,1,1,1,-0.04190341702127576
"(25,25), dim=100, K^2=4, RF",47,7738,6,1.0,25,25,2,rf,0.25,no_cf,twoway_cr,1.0068770829909983,0.04464506710116369,0.044474104920151074,0.04464506710116369,1,1,1,0.006877082990998318
"(25,25), dim=100, K^2=4, RF",48,7739,6,1.0,25,25,2,rf,0.25,no_cf,twoway_cr,1.0230894598491496,0.059939790996912184,0.044171912977872256,0.059939790996912184,1,1,1,0.023089459849149563
"(25,25), dim=100, K^2=4, RF",49,7740,6,1.0,25,25,2,rf,0.25,no_cf,twoway_cr,1.0987901264706421,0.0735393167194181,0.050120706772447184,0.0735393167194181,1,0,1,0.09879012647064211
"(25,25), dim=100, K^2=4, RF",50,7741,6,1.0,25,25,2,rf,0.25,no_cf,twoway_cr,1.0120069499920836,0.061342632255151484,0.04573332595170833,0.061342632255151484,1,1,1,0.012006949992083626
"(25,25), dim=100, K^2=4, RF",51,7742,6,1.0,25,25,2,rf,0.25,no_cf,twoway_cr,1.1252229615134877,0.03957209888273435,0.03898532852259039,0.03957209888273435,0,0,0,0.12522296151348766
"(25,25), dim=100, K^2=4, RF",52,7743,6,1.0,25,25,2,rf,0.25,no_cf,twoway_cr,1.1155047579274773,0.044879047782181485,0.040492896949734576,0.044879047782181485,0,0,0,0.11550475792747728
"(25,25), dim=100, K^2=4, RF",53,7744,6,1.0,25,25,2,rf,0.25,no_cf,twoway_cr,1.0049942071246947,0.04279860078093752,0.04008396774514574,0.04279860078093752,1,1,1,0.004994207124694672
"(25,25), dim=100, K^2=4, RF",54,7745,6,1.0,25,25,2,rf,0.25,no_cf,twoway_cr,1.0067875060899452,0.04508917862220009,0.038805930987411294,0.04508917862220009,1,1,1,0.006787506089945161
"(25,25), dim=100, K^2=4, RF",55,7746,6,1.0,25,25,2,rf,0.25,no_cf,twoway_cr,1.0766939909250712,0.053100751291456826,0.04269711919125613,0.053100751291456826,1,1,1,0.07669399092507123
"(25,25), dim=100, K^2=4, RF",56,7747,6,1.0,25,25,2,rf,0.25,no_cf,twoway_cr,1.01846354220118,0.06114558989065681,0.044230388430851746,0.06114558989065681,1,1,1,0.018463542201180072
"(25,25), dim=100, K^2=4, RF",57,7748,6,1.0,25,25,2,rf,0.25,no_cf,twoway_cr,1.1125592644515268,0.04261465163867254,0.04934482287102431,0.04261465163867254,0,0,0,0.11255926445152675
"(25,25), dim=100, K^2=4, RF",58,7749,6,1.0,25,25,2,rf,0.25,no_cf,twoway_cr,1.0460321849561467,0.03834627921885744,0.032798779613584524,0.03834627921885744,1,1,1,0.04603218495614669
"(25,25), dim=100, K^2=4, RF",59,7750,6,1.0,25,25,2,rf,0.25,no_cf,twoway_cr,0.9728536621062788,0.046923876514519354,0.03919643224534033,0.046923876514519354,1,1,1,-0.02714633789372123
"(25,25), dim=100, K^2=4, RF",60,7751,6,1.0,25,25,2,rf,0.25,no_cf,twoway_cr,0.9623054541033208,0.040049571451557284,0.037704836060697744,0.040049571451557284,1,1,1,-0.0376945458966792
"(25,25), dim=100, K^2=4, RF",61,7752,6,1.0,25,25,2,rf,0.25,no_cf,twoway_cr,1.0319392903913986,0.05001107965693222,0.03931033298812547,0.05001107965693222,1,1,1,0.031939290391398645
"(25,25), dim=100, K^2=4, RF",62,7753,6,1.0,25,25,2,rf,0.25,no_cf,twoway_cr,0.9522105570954001,0.055943980471181286,0.0419138065171377,0.055943980471181286,1,1,1,-0.047789442904599855
"(25,25), dim=100, K^2=4, RF",63,7754,6,1.0,25,25,2,rf,0.25,no_cf,twoway_cr,1.0246322042059164,0.05934404599299076,0.041047580262679,0.05934404599299076,1,1,1,0.024632204205916386
"(25,25), dim=100, K^2=4, RF",64,7755,6,1.0,25,25,2,rf,0.25,no_cf,twoway_cr,1.0654261840816281,0.05463844433150697,0.041290558074347755,0.05463844433150697,1,1,1,0.06542618408162815
"(25,25), dim=100, K^2=4, RF",65,7756,6,1.0,25,25,2,rf,0.25,no_cf,twoway_cr,1.1190445682005465,0.03872797238793376,0.04078830419162893,0.03872797238793376,0,0,0,0.11904456820054654
"(25,25), dim=100, K^2=4, RF",66,7757,6,1.0,25,25,2,rf,0.25,no_cf,twoway_cr,1.0657797706106842,0.06093899228464477,0.04441339729049704,0.06093899228464477,1,1,1,0.06577977061068419
"(25,25), dim=100, K^2=4, RF",67,7758,6,1.0,25,25,2,rf,0.25,no_cf,twoway_cr,0.9788769183801173,0.0631080315507625,0.047757400180610046,0.0631080315507625,1,1,1,-0.021123081619882744
"(25,25), dim=100, K^2=4, RF",68,7759,6,1.0,25,25,2,rf,0.25,no_cf,twoway_cr,0.9848043379503151,0.055920086318783556,0.0455516354431251,0.055920086318783556,1,1,1,-0.015195662049684922
"(25,25), dim=100, K^2=4, RF",69,7760,6,1.0,25,25,2,rf,0.25,no_cf,twoway_cr,1.0780310770303274,0.0464644530475565,0.04149824853665992,0.0464644530475565,1,1,1,0.07803107703032741
"(25,25), dim=100, K^2=4, RF",70,7761,6,1.0,25,25,2,rf,0.25,no_cf,twoway_cr,1.0400141317252944,0.04421818144479045,0.0368691929589392,0.04421818144479045,1,1,1,0.040014131725294444
"(25,25), dim=100, K^2=4, RF",71,7762,6,1.0,25,25,2,rf,0.25,no_cf,twoway_cr,1.1080437254178415,0.04771733042477993,0.043604767409682846,0.04771733042477993,0,0,0,0.10804372541784146
"(25,25), dim=100, K^2=4, RF",72,7763,6,1.0,25,25,2,rf,0.25,no_cf,twoway_cr,1.0334359855670725,0.06580829406789097,0.0371475280277449,0.06580829406789097,1,1,1,0.0334359855670725
"(25,25), dim=100, K^2=4, RF",73,7764,6,1.0,25,25,2,rf,0.25,no_cf,twoway_cr,1.0661474651081873,0.05993960074009616,0.04228064590749937,0.05993960074009616,1,1,1,0.06614746510818725
"(25,25), dim=100, K^2=4, RF",74,7765,6,1.0,25,25,2,rf,0.25,no_cf,twoway_cr,1.0982822244170043,0.054051495757523466,0.036681529135718746,0.054051495757523466,1,0,1,0.0982822244170043
"(25,25), dim=100, K^2=4, RF",75,7766,6,1.0,25,25,2,rf,0.25,no_cf,twoway_cr,1.0249970728660989,0.05488315402429773,0.03817035331565698,0.05488315402429773,1,1,1,0.02499707286609887
"(25,25), dim=100, K^2=4, RF",76,7767,6,1.0,25,25,2,rf,0.25,no_cf,twoway_cr,1.084786435701338,0.059529863884576664,0.043967381490980326,0.059529863884576664,1,1,1,0.08478643570133793
"(25,25), dim=100, K^2=4, RF",77,7768,6,1.0,25,25,2,rf,0.25,no_cf,twoway_cr,1.0093908292629927,0.04289710551456518,0.04140031668378287,0.04289710551456518,1,1,1,0.009390829262992728
"(25,25), dim=100, K^2=4, RF",78,7769,6,1.0,25,25,2,rf,0.25,no_cf,twoway_cr,1.0047202279230811,0.04634224038535612,0.04492662564024652,0.04634224038535612,1,1,1,0.004720227923081133
"(25,25), dim=100, K^2=4, RF",79,7770,6,1.0,25,25,2,rf,0.25,no_cf,twoway_cr,0.975982020616351,0.04013421640910852,0.052988942819953505,0.04013421640910852,1,1,1,-0.024017979383649024
"(25,25), dim=100, K^2=4, RF",80,7771,6,1.0,25,25,2,rf,0.25,no_cf,twoway_cr,0.9636860765592351,0.05091629907435767,0.037099593421209776,0.05091629907435767,1,1,1,-0.036313923440764895
"(25,25), dim=100, K^2=4, RF",81,7772,6,1.0,25,25,2,rf,0.25,no_cf,twoway_cr,1.1151268327851005,0.037678406479295046,0.03650679016000982,0.037678406479295046,0,0,0,0.1151268327851005
"(25,25), dim=100, K^2=4, RF",82,7773,6,1.0,25,25,2,rf,0.25,no_cf,twoway_cr,1.0392706089108694,0.031191030760463843,0.034940970092390805,0.031191030760463843,1,1,1,0.03927060891086942
"(25,25), dim=100, K^2=4, RF",83,7774,6,1.0,25,25,2,rf,0.25,no_cf,twoway_cr,1.0667175213639182,0.05840136600034391,0.03903797661506344,0.05840136600034391,1,1,1,0.06671752136391818
"(25,25), dim=100, K^2=4, RF",84,7775,6,1.0,25,25,2,rf,0.25,no_cf,twoway_cr,1.0873063971848171,0.05301216532673961,0.04218158438058159,0.05301216532673961,1,0,1,0.08730639718481714
"(25,25), dim=100, K^2=4, RF",85,7776,6,1.0,25,25,2,rf,0.25,no_cf,twoway_cr,1.0339959002366772,0.04517376474053754,0.042929091814043085,0.04517376474053754,1,1,1,0.0339959002366772
"(25,25), dim=100, K^2=4, RF",86,7777,6,1.0,25,25,2,rf,0.25,no_cf,twoway_cr,1.0968812804368657,0.05919443369962996,0.03965127790836019,0.05919443369962996,1,0,1,0.09688128043686572
"(25,25), dim=100, K^2=4, RF",87,7778,6,1.0,25,25,2,rf,0.25,no_cf,twoway_cr,0.9717093923579376,0.05393209243105035,0.0409352587371504,0.05393209243105035,1,1,1,-0.02829060764206237
"(25,25), dim=100, K^2=4, RF",88,7779,6,1.0,25,25,2,rf,0.25,no_cf,twoway_cr,1.0584878246949723,0.044359114388835295,0.03826000994383132,0.044359114388835295,1,1,1,0.05848782469497227
"(25,25), dim=100, K^2=4, RF",89,7780,6,1.0,25,25,2,rf,0.25,no_cf,twoway_cr,0.9922988647332605,0.061036978950299636,0.042463059158526606,0.061036978950299636,1,1,1,-0.007701135266739545
"(25,25), dim=100, K^2=4, RF",90,7781,6,1.0,25,25,2,rf,0.25,no_cf,twoway_cr,1.0591743620534817,0.06226217523991948,0.04275357059449189,0.06226217523991948,1,1,1,0.0591743620534817
"(25,25), dim=100, K^2=4, RF",91,7782,6,1.0,25,25,2,rf,0.25,no_cf,twoway_cr,1.0739944460588262,0.054659895403679624,0.04749753917224288,0.054659895403679624,1,1,1,0.07399444605882621
"(25,25), dim=100, K^2=4, RF",92,7783,6,1.0,25,25,2,rf,0.25,no_cf,twoway_cr,1.073994280831887,0.05236138604785713,0.04097356401113028,0.05236138604785713,1,1,1,0.07399428083188697
"(25,25), dim=100, K^2=4, RF",93,7784,6,1.0,25,25,2,rf,0.25,no_cf,twoway_cr,1.0422889543109266,0.05285256421941582,0.04034542298800947,0.05285256421941582,1,1,1,0.04228895431092661
"(25,25), dim=100, K^2=4, RF",94,7785,6,1.0,25,25,2,rf,0.25,no_cf,twoway_cr,1.0570977152366408,0.066075274082363,0.04318678188142938,0.066075274082363,1,1,1,0.057097715236640756
"(25,25), dim=100, K^2=4, RF",95,7786,6,1.0,25,25,2,rf,0.25,no_cf,twoway_cr,1.0719156198495248,0.05068169305589415,0.04157556792293354,0.05068169305589415,1,1,1,0.07191561984952477
"(25,25), dim=100, K^2=4, RF",96,7787,6,1.0,25,25,2,rf,0.25,no_cf,twoway_cr,1.0765647670399432,0.05594799041738069,0.03976898805004016,0.05594799041738069,1,1,1,0.0765647670399432
"(25,25), dim=100, K^2=4, RF",97,7788,6,1.0,25,25,2,rf,0.25,no_cf,twoway_cr,0.9990192081392933,0.05279567182734229,0.043276312602276455,0.05279567182734229,1,1,1,-0.0009807918607066535
"(25,25), dim=100, K^2=4, RF",98,7789,6,1.0,25,25,2,rf,0.25,no_cf,twoway_cr,0.9843598666535506,0.06701749904753666,0.04264809392364729,0.06701749904753666,1,1,1,-0.015640133346449425
"(25,25), dim=100, K^2=4, RF",99,7790,6,1.0,25,25,2,rf,0.25,no_cf,twoway_cr,1.1034931843222626,0.047426746407758104,0.040798628170706334,0.047426746407758104,0,0,0,0.10349318432226262
"(25,25), dim=100, K^2=4, RF",100,7791,6,1.0,25,25,2,rf,0.25,no_cf,twoway_cr,0.9842210656737193,0.04728234150152668,0.034371536841694736,0.04728234150152668,1,1,1,-0.015778934326280747
"(25,25), dim=100, K^2=4, RF",101,7792,6,1.0,25,25,2,rf,0.25,no_cf,twoway_cr,0.9846084890818542,0.038310241548932214,0.036831255370023304,0.038310241548932214,1,1,1,-0.015391510918145834
"(25,25), dim=100, K^2=4, RF",102,7793,6,1.0,25,25,2,rf,0.25,no_cf,twoway_cr,1.0067413011415778,0.05015607604561418,0.04468815814486142,0.05015607604561418,1,1,1,0.006741301141577782
"(25,25), dim=100, K^2=4, RF",103,7794,6,1.0,25,25,2,rf,0.25,no_cf,twoway_cr,0.9648228843033974,0.06410185113531264,0.04327059624345929,0.06410185113531264,1,1,1,-0.035177115696602645
"(25,25), dim=100, K^2=4, RF",104,7795,6,1.0,25,25,2,rf,0.25,no_cf,twoway_cr,1.1374181760572195,0.030285944878673584,0.04453083127538258,0.030285944878673584,0,0,0,0.1374181760572195
"(25,25), dim=100, K^2=4, RF",105,7796,6,1.0,25,25,2,rf,0.25,no_cf,twoway_cr,0.9801808043056455,0.048070660647271855,0.03953474427115244,0.048070660647271855,1,1,1,-0.01981919569435453
"(25,25), dim=100, K^2=4, RF",106,7797,6,1.0,25,25,2,rf,0.25,no_cf,twoway_cr,0.9365311260160879,0.055014524707000294,0.04078090016376948,0.055014524707000294,1,1,1,-0.0634688739839121
"(25,25), dim=100, K^2=4, RF",107,7798,6,1.0,25,25,2,rf,0.25,no_cf,twoway_cr,1.0300520672309994,0.034214482934884625,0.03826654427433556,0.034214482934884625,1,1,1,0.030052067230999402
"(25,25), dim=100, K^2=4, RF",108,7799,6,1.0,25,25,2,rf,0.25,no_cf,twoway_cr,1.021693752945535,0.05423596200020066,0.040226892711580635,0.05423596200020066,1,1,1,0.021693752945534994
"(25,25), dim=100, K^2=4, RF",109,7800,6,1.0,25,25,2,rf,0.25,no_cf,twoway_cr,0.9430328566113555,0.04107050889852394,0.0360776024988453,0.04107050889852394,1,1,1,-0.0569671433886445
"(25,25), dim=100, K^2=4, RF",110,7801,6,1.0,25,25,2,rf,0.25,no_cf,twoway_cr,1.1326179404047112,0.04762268841041306,0.04507271929018699,0.04762268841041306,0,0,0,0.1326179404047112
"(25,25), dim=100, K^2=4, RF",111,7802,6,1.0,25,25,2,rf,0.25,no_cf,twoway_cr,1.0752301818768586,0.07442499256559262,0.04893585685785811,0.07442499256559262,1,1,1,0.07523018187685859
"(25,25), dim=100, K^2=4, RF",112,7803,6,1.0,25,25,2,rf,0.25,no_cf,twoway_cr,1.0207689413054708,0.05763897589316088,0.03899425549134476,0.05763897589316088,1,1,1,0.0207689413054708
"(25,25), dim=100, K^2=4, RF",113,7804,6,1.0,25,25,2,rf,0.25,no_cf,twoway_cr,0.9801850275112068,0.06420022451435296,0.0407273235107039,0.06420022451435296,1,1,1,-0.01981497248879316
"(25,25), dim=100, K^2=4, RF",114,7805,6,1.0,25,25,2,rf,0.25,no_cf,twoway_cr,0.976342527363598,0.04602747197464111,0.04885073600291917,0.04602747197464111,1,1,1,-0.023657472636402055
"(25,25), dim=100, K^2=4, RF",115,7806,6,1.0,25,25,2,rf,0.25,no_cf,twoway_cr,1.0287439099982967,0.05682060366055126,0.04490076684892057,0.05682060366055126,1,1,1,0.02874390999829668
"(25,25), dim=100, K^2=4, RF",116,7807,6,1.0,25,25,2,rf,0.25,no_cf,twoway_cr,1.014976611645417,0.05298269793737999,0.03878315362693871,0.05298269793737999,1,1,1,0.014976611645417082
"(25,25), dim=100, K^2=4, RF",117,7808,6,1.0,25,25,2,rf,0.25,no_cf,twoway_cr,1.0482021724861021,0.05258078650407989,0.04379549666797245,0.05258078650407989,1,1,1,0.048202172486102146
"(25,25), dim=100, K^2=4, RF",118,7809,6,1.0,25,25,2,rf,0.25,no_cf,twoway_cr,0.9837170860916387,0.04939794330598446,0.041782307667276676,0.04939794330598446,1,1,1,-0.01628291390836134
"(25,25), dim=100, K^2=4, RF",119,7810,6,1.0,25,25,2,rf,0.25,no_cf,twoway_cr,1.0548592494350084,0.051368676835414386,0.041953544211466604,0.051368676835414386,1,1,1,0.05485924943500842
"(25,25), dim=100, K^2=4, RF",120,7811,6,1.0,25,25,2,rf,0.25,no_cf,twoway_cr,1.0024789219676353,0.05427765278102407,0.04030262143406254,0.05427765278102407,1,1,1,0.002478921967635328
"(25,25), dim=100, K^2=4, RF",121,7812,6,1.0,25,25,2,rf,0.25,no_cf,twoway_cr,1.1047868740042133,0.0527750829796167,0.04069865122179735,0.0527750829796167,0,0,0,0.10478687400421327
"(25,25), dim=100, K^2=4, RF",122,7813,6,1.0,25,25,2,rf,0.25,no_cf,twoway_cr,1.078966620921962,0.040980329091532326,0.038084837803501276,0.040980329091532326,1,0,1,0.07896662092196194
"(25,25), dim=100, K^2=4, RF",123,7814,6,1.0,25,25,2,rf,0.25,no_cf,twoway_cr,0.986761733772035,0.03496147745460302,0.040602080619078704,0.03496147745460302,1,1,1,-0.013238266227964979
"(25,25), dim=100, K^2=4, RF",124,7815,6,1.0,25,25,2,rf,0.25,no_cf,twoway_cr,0.9749807180580401,0.061797339885113385,0.04101710584874605,0.061797339885113385,1,1,1,-0.025019281941959903
"(25,25), dim=100, K^2=4, RF",125,7816,6,1.0,25,25,2,rf,0.25,no_cf,twoway_cr,0.949927599343042,0.06543240648768325,0.05359574811419495,0.06543240648768325,1,1,1,-0.05007240065695795
"(25,25), dim=100, K^2=4, RF",126,7817,6,1.0,25,25,2,rf,0.25,no_cf,twoway_cr,1.0228188816433939,0.049252781550577905,0.03463020721907878,0.049252781550577905,1,1,1,0.02281888164339385
"(25,25), dim=100, K^2=4, RF",127,7818,6,1.0,25,25,2,rf,0.25,no_cf,twoway_cr,1.053613849626571,0.05537119999741132,0.044901908324400164,0.05537119999741132,1,1,1,0.05361384962657101
"(25,25), dim=100, K^2=4, RF",128,7819,6,1.0,25,25,2,rf,0.25,no_cf,twoway_cr,1.0442011562962843,0.04765218316097907,0.03665066860315345,0.04765218316097907,1,1,1,0.044201156296284294
"(25,25), dim=100, K^2=4, RF",129,7820,6,1.0,25,25,2,rf,0.25,no_cf,twoway_cr,0.9739172657975443,0.05598067275543486,0.04436852915396069,0.05598067275543486,1,1,1,-0.02608273420245566
"(25,25), dim=100, K^2=4, RF",130,7821,6,1.0,25,25,2,rf,0.25,no_cf,twoway_cr,1.040900861827477,0.04282678819550806,0.040216428425882696,0.04282678819550806,1,1,1,0.0409008618274771
"(25,25), dim=100, K^2=4, RF",131,7822,6,1.0,25,25,2,rf,0.25,no_cf,twoway_cr,0.9930278329653255,0.0486024942653273,0.03860560604646334,0.0486024942653273,1,1,1,-0.006972167034674515
"(25,25), dim=100, K^2=4, RF",132,7823,6,1.0,25,25,2,rf,0.25,no_cf,twoway_cr,0.9484407326630584,0.058433683042186095,0.04535063202274976,0.058433683042186095,1,1,1,-0.051559267336941605
"(25,25), dim=100, K^2=4, RF",133,7824,6,1.0,25,25,2,rf,0.25,no_cf,twoway_cr,1.0682814781605696,0.06348078149136176,0.04215589454127049,0.06348078149136176,1,1,1,0.06828147816056962
"(25,25), dim=100, K^2=4, RF",134,7825,6,1.0,25,25,2,rf,0.25,no_cf,twoway_cr,1.0388526144598755,0.07048093399131891,0.04261742139639461,0.07048093399131891,1,1,1,0.038852614459875534
"(25,25), dim=100, K^2=4, RF",135,7826,6,1.0,25,25,2,rf,0.25,no_cf,twoway_cr,1.0369182800000414,0.03428851379101824,0.04137744097198825,0.03428851379101824,1,1,1,0.03691828000004138
"(25,25), dim=100, K^2=4, RF",136,7827,6,1.0,25,25,2,rf,0.25,no_cf,twoway_cr,1.0050653169889892,0.04623111451669119,0.041678649624339745,0.04623111451669119,1,1,1,0.005065316988989155
"(25,25), dim=100, K^2=4, RF",137,7828,6,1.0,25,25,2,rf,0.25,no_cf,twoway_cr,1.0164143287655631,0.05259267594937098,0.04609480273696393,0.05259267594937098,1,1,1,0.016414328765563146
"(25,25), dim=100, K^2=4, RF",138,7829,6,1.0,25,25,2,rf,0.25,no_cf,twoway_cr,0.9441240808511718,0.048884948239686636,0.03796353032143517,0.048884948239686636,1,1,1,-0.05587591914882817
"(25,25), dim=100, K^2=4, RF",139,7830,6,1.0,25,25,2,rf,0.25,no_cf,twoway_cr,1.0151339595474596,0.03902357252721003,0.03724748149831952,0.03902357252721003,1,1,1,0.015133959547459552
"(25,25), dim=100, K^2=4, RF",140,7831,6,1.0,25,25,2,rf,0.25,no_cf,twoway_cr,1.036416489720397,0.05273394343529583,0.04246512072024612,0.05273394343529583,1,1,1,0.036416489720396905
"(25,25), dim=100, K^2=4, RF",141,7832,6,1.0,25,25,2,rf,0.25,no_cf,twoway_cr,1.021729713419924,0.06232763893002739,0.045692298994843825,0.06232763893002739,1,1,1,0.021729713419923913
"(25,25), dim=100, K^2=4, RF",142,7833,6,1.0,25,25,2,rf,0.25,no_cf,twoway_cr,1.0163489588186472,0.05144951235871782,0.0435095474332626,0.05144951235871782,1,1,1,0.016348958818647175
"(25,25), dim=100, K^2=4, RF",143,7834,6,1.0,25,25,2,rf,0.25,no_cf,twoway_cr,1.0088257091128747,0.057457457130196676,0.04699669834732788,0.057457457130196676,1,1,1,0.008825709112874724
"(25,25), dim=100, K^2=4, RF",144,7835,6,1.0,25,25,2,rf,0.25,no_cf,twoway_cr,1.0314302696315056,0.02952980026903429,0.03551108788879456,0.02952980026903429,1,1,1,0.031430269631505636
"(25,25), dim=100, K^2=4, RF",145,7836,6,1.0,25,25,2,rf,0.25,no_cf,twoway_cr,0.9862970218039014,0.05780528849297134,0.04443992553171434,0.05780528849297134,1,1,1,-0.013702978196098559
"(25,25), dim=100, K^2=4, RF",146,7837,6,1.0,25,25,2,rf,0.25,no_cf,twoway_cr,0.9642267696863874,0.059724824828543105,0.04795547670899849,0.059724824828543105,1,1,1,-0.03577323031361257
"(25,25), dim=100, K^2=4, RF",147,7838,6,1.0,25,25,2,rf,0.25,no_cf,twoway_cr,0.9271458276256471,0.06224749719147175,0.04629065173651762,0.06224749719147175,1,1,1,-0.07285417237435288
"(25,25), dim=100, K^2=4, RF",148,7839,6,1.0,25,25,2,rf,0.25,no_cf,twoway_cr,1.0312663801522428,0.055783871623100306,0.04183637030926128,0.055783871623100306,1,1,1,0.03126638015224281
"(25,25), dim=100, K^2=4, RF",149,7840,6,1.0,25,25,2,rf,0.25,no_cf,twoway_cr,0.9194530619303757,0.05577142939986498,0.04918995500046114,0.05577142939986498,1,1,1,-0.08054693806962432
"(25,25), dim=100, K^2=4, RF",150,7841,6,1.0,25,25,2,rf,0.25,no_cf,twoway_cr,1.0526441763815806,0.04843651962030012,0.04428199524836444,0.04843651962030012,1,1,1,0.05264417638158059
"(25,25), dim=100, K^2=4, RF",151,7842,6,1.0,25,25,2,rf,0.25,no_cf,twoway_cr,1.0697439609695951,0.027493807518545323,0.04075757191108775,0.027493807518545323,0,1,0,0.06974396096959512
"(25,25), dim=100, K^2=4, RF",152,7843,6,1.0,25,25,2,rf,0.25,no_cf,twoway_cr,1.0665869011283806,0.0636329547223416,0.04218594093119257,0.0636329547223416,1,1,1,0.06658690112838062
"(25,25), dim=100, K^2=4, RF",153,7844,6,1.0,25,25,2,rf,0.25,no_cf,twoway_cr,1.0103887965971101,0.06058884208858345,0.044749089386764584,0.06058884208858345,1,1,1,0.010388796597110117
"(25,25), dim=100, K^2=4, RF",154,7845,6,1.0,25,25,2,rf,0.25,no_cf,twoway_cr,1.0653028295236502,0.03583004174403951,0.03618718647546264,0.03583004174403951,1,1,1,0.06530282952365019
"(25,25), dim=100, K^2=4, RF",155,7846,6,1.0,25,25,2,rf,0.25,no_cf,twoway_cr,1.018831825799443,0.07094251116124563,0.04567820136067852,0.07094251116124563,1,1,1,0.01883182579944309
"(25,25), dim=100, K^2=4, RF",156,7847,6,1.0,25,25,2,rf,0.25,no_cf,twoway_cr,0.9874929863272648,0.04480784650136592,0.045115666187800225,0.04480784650136592,1,1,1,-0.012507013672735212
"(25,25), dim=100, K^2=4, RF",157,7848,6,1.0,25,25,2,rf,0.25,no_cf,twoway_cr,1.0354949672619136,0.06167106797006242,0.04656880977415074,0.06167106797006242,1,1,1,0.03549496726191359
"(25,25), dim=100, K^2=4, RF",158,7849,6,1.0,25,25,2,rf,0.25,no_cf,twoway_cr,1.1011584037322772,0.06596334819249755,0.039335750045630516,0.06596334819249755,1,0,1,0.10115840373227725
"(25,25), dim=100, K^2=4, RF",159,7850,6,1.0,25,25,2,rf,0.25,no_cf,twoway_cr,1.0606839178829934,0.06634996386782557,0.04929456239296453,0.06634996386782557,1,1,1,0.06068391788299343
"(25,25), dim=100, K^2=4, RF",160,7851,6,1.0,25,25,2,rf,0.25,no_cf,twoway_cr,0.9699775026340887,0.05584090171198009,0.04067879172553796,0.05584090171198009,1,1,1,-0.030022497365911338
"(25,25), dim=100, K^2=4, RF",161,7852,6,1.0,25,25,2,rf,0.25,no_cf,twoway_cr,1.0493479076109617,0.04900967553087073,0.038371405369921084,0.04900967553087073,1,1,1,0.04934790761096175
"(25,25), dim=100, K^2=4, RF",162,7853,6,1.0,25,25,2,rf,0.25,no_cf,twoway_cr,1.0447432664946144,0.050929783411658554,0.04393054890299884,0.050929783411658554,1,1,1,0.04474326649461435
"(25,25), dim=100, K^2=4, RF",163,7854,6,1.0,25,25,2,rf,0.25,no_cf,twoway_cr,1.0251569785451,0.046776624029920555,0.044796654849337,0.046776624029920555,1,1,1,0.025156978545100017
"(25,25), dim=100, K^2=4, RF",164,7855,6,1.0,25,25,2,rf,0.25,no_cf,twoway_cr,1.1048288912438629,0.04756263344324408,0.04199536512898841,0.04756263344324408,0,0,0,0.10482889124386285
"(25,25), dim=100, K^2=4, RF",165,7856,6,1.0,25,25,2,rf,0.25,no_cf,twoway_cr,1.0497270200287911,0.059885907431264075,0.04125556187625466,0.059885907431264075,1,1,1,0.04972702002879115
"(25,25), dim=100, K^2=4, RF",166,7857,6,1.0,25,25,2,rf,0.25,no_cf,twoway_cr,0.9711762518407693,0.059500266254349767,0.043768704728321485,0.059500266254349767,1,1,1,-0.028823748159230722
"(25,25), dim=100, K^2=4, RF",167,7858,6,1.0,25,25,2,rf,0.25,no_cf,twoway_cr,1.0492243291508678,0.0413425205817011,0.03744586056639215,0.0413425205817011,1,1,1,0.04922432915086783
"(25,25), dim=100, K^2=4, RF",168,7859,6,1.0,25,25,2,rf,0.25,no_cf,twoway_cr,1.0437043125669767,0.058181859934046544,0.043711940588401804,0.058181859934046544,1,1,1,0.04370431256697671
"(25,25), dim=100, K^2=4, RF",169,7860,6,1.0,25,25,2,rf,0.25,no_cf,twoway_cr,1.0810308871204706,0.04171760454857174,0.04568219475508124,0.04171760454857174,1,1,1,0.08103088712047057
"(25,25), dim=100, K^2=4, RF",170,7861,6,1.0,25,25,2,rf,0.25,no_cf,twoway_cr,1.0679922412320124,0.025726021925697506,0.035198260783019415,0.025726021925697506,0,1,0,0.06799224123201242
"(25,25), dim=100, K^2=4, RF",171,7862,6,1.0,25,25,2,rf,0.25,no_cf,twoway_cr,1.081148939610729,0.051749376476746496,0.04021286715895511,0.051749376476746496,1,0,1,0.081148939610729
"(25,25), dim=100, K^2=4, RF",172,7863,6,1.0,25,25,2,rf,0.25,no_cf,twoway_cr,1.0255238203642578,0.043345747720933414,0.03495641018008465,0.043345747720933414,1,1,1,0.02552382036425782
"(25,25), dim=100, K^2=4, RF",173,7864,6,1.0,25,25,2,rf,0.25,no_cf,twoway_cr,1.0120682673732393,0.05422865248687307,0.041814615046451814,0.05422865248687307,1,1,1,0.012068267373239294
"(25,25), dim=100, K^2=4, RF",174,7865,6,1.0,25,25,2,rf,0.25,no_cf,twoway_cr,0.9477927095036337,0.0710768905936596,0.044222329491065915,0.0710768905936596,1,1,1,-0.0522072904963663
"(25,25), dim=100, K^2=4, RF",175,7866,6,1.0,25,25,2,rf,0.25,no_cf,twoway_cr,1.0923485151569634,0.050465889845990576,0.043055238069657074,0.050465889845990576,1,0,1,0.0923485151569634
"(25,25), dim=100, K^2=4, RF",176,7867,6,1.0,25,25,2,rf,0.25,no_cf,twoway_cr,1.116963759546947,0.0545484329024099,0.04023929646265285,0.0545484329024099,0,0,0,0.11696375954694704
"(25,25), dim=100, K^2=4, RF",177,7868,6,1.0,25,25,2,rf,0.25,no_cf,twoway_cr,0.9787937211669728,0.05813221088974855,0.04739503131623255,0.05813221088974855,1,1,1,-0.02120627883302717
"(25,25), dim=100, K^2=4, RF",178,7869,6,1.0,25,25,2,rf,0.25,no_cf,twoway_cr,1.0825559290238314,0.05527978523637519,0.037075396618213796,0.05527978523637519,1,0,1,0.08255592902383135
"(25,25), dim=100, K^2=4, RF",179,7870,6,1.0,25,25,2,rf,0.25,no_cf,twoway_cr,1.097987325225034,0.0460902218416966,0.03889667782580561,0.0460902218416966,0,0,0,0.09798732522503406
"(25,25), dim=100, K^2=4, RF",180,7871,6,1.0,25,25,2,rf,0.25,no_cf,twoway_cr,0.9578179734647563,0.04717587675344654,0.04448833903618033,0.04717587675344654,1,1,1,-0.04218202653524372
"(25,25), dim=100, K^2=4, RF",181,7872,6,1.0,25,25,2,rf,0.25,no_cf,twoway_cr,0.9821144881607686,0.06595860114416785,0.04638137686122625,0.06595860114416785,1,1,1,-0.01788551183923137
"(25,25), dim=100, K^2=4, RF",182,7873,6,1.0,25,25,2,rf,0.25,no_cf,twoway_cr,0.9384685796115003,0.05364282493936439,0.04444346225988684,0.05364282493936439,1,1,1,-0.06153142038849968
"(25,25), dim=100, K^2=4, RF",183,7874,6,1.0,25,25,2,rf,0.25,no_cf,twoway_cr,0.9950828622547648,0.06337281400061803,0.04120823018965573,0.06337281400061803,1,1,1,-0.004917137745235167
"(25,25), dim=100, K^2=4, RF",184,7875,6,1.0,25,25,2,rf,0.25,no_cf,twoway_cr,1.0728945516119646,0.06343480886099302,0.04551884844119832,0.06343480886099302,1,1,1,0.07289455161196456
"(25,25), dim=100, K^2=4, RF",185,7876,6,1.0,25,25,2,rf,0.25,no_cf,twoway_cr,1.0805216133922286,0.03866279615899716,0.033945294164261404,0.03866279615899716,0,0,0,0.08052161339222863
"(25,25), dim=100, K^2=4, RF",186,7877,6,1.0,25,25,2,rf,0.25,no_cf,twoway_cr,1.0460037625945489,0.057472808953287755,0.04482605233612787,0.057472808953287755,1,1,1,0.04600376259454886
"(25,25), dim=100, K^2=4, RF",187,7878,6,1.0,25,25,2,rf,0.25,no_cf,twoway_cr,1.001969111207229,0.05152772498332511,0.04158714659645909,0.05152772498332511,1,1,1,0.0019691112072290906
"(25,25), dim=100, K^2=4, RF",188,7879,6,1.0,25,25,2,rf,0.25,no_cf,twoway_cr,1.04775816843271,0.0460013037217112,0.040652939671692825,0.0460013037217112,1,1,1,0.04775816843270997
"(25,25), dim=100, K^2=4, RF",189,7880,6,1.0,25,25,2,rf,0.25,no_cf,twoway_cr,1.0600901810755667,0.06024578114963922,0.04097702184708246,0.06024578114963922,1,1,1,0.06009018107556674
"(25,25), dim=100, K^2=4, RF",190,7881,6,1.0,25,25,2,rf,0.25,no_cf,twoway_cr,1.0010279070280463,0.05761102148618086,0.04769289398012531,0.05761102148618086,1,1,1,0.0010279070280463376
"(25,25), dim=100, K^2=4, RF",191,7882,6,1.0,25,25,2,rf,0.25,no_cf,twoway_cr,1.0468002923163988,0.035697617404001854,0.036104180057466205,0.035697617404001854,1,1,1,0.04680029231639882
"(25,25), dim=100, K^2=4, RF",192,7883,6,1.0,25,25,2,rf,0.25,no_cf,twoway_cr,0.9961479977618775,0.041308278597493815,0.04115899657060523,0.041308278597493815,1,1,1,-0.0038520022381225427
"(25,25), dim=100, K^2=4, RF",193,7884,6,1.0,25,25,2,rf,0.25,no_cf,twoway_cr,1.0665805883102866,0.04365711484150679,0.03757544159628348,0.04365711484150679,1,1,1,0.06658058831028657
"(25,25), dim=100, K^2=4, RF",194,7885,6,1.0,25,25,2,rf,0.25,no_cf,twoway_cr,0.9775544742375377,0.0492239022994551,0.04385140370586281,0.0492239022994551,1,1,1,-0.02244552576246228
"(25,25), dim=100, K^2=4, RF",195,7886,6,1.0,25,25,2,rf,0.25,no_cf,twoway_cr,1.0756835041933988,0.036943667154698566,0.04258325872064736,0.036943667154698566,0,1,0,0.07568350419339875
"(25,25), dim=100, K^2=4, RF",196,7887,6,1.0,25,25,2,rf,0.25,no_cf,twoway_cr,1.0409110979302083,0.051087669885077146,0.0405150186653087,0.051087669885077146,1,1,1,0.04091109793020831
"(25,25), dim=100, K^2=4, RF",197,7888,6,1.0,25,25,2,rf,0.25,no_cf,twoway_cr,1.004832735301071,0.05156865814189701,0.044931586135543065,0.05156865814189701,1,1,1,0.004832735301071089
"(25,25), dim=100, K^2=4, RF",198,7889,6,1.0,25,25,2,rf,0.25,no_cf,twoway_cr,1.0138803134043355,0.05682075073107928,0.046363277780413,0.05682075073107928,1,1,1,0.013880313404335487
"(25,25), dim=100, K^2=4, RF",199,7890,6,1.0,25,25,2,rf,0.25,no_cf,twoway_cr,1.0724642865430707,0.046164802392736945,0.03528176828522358,0.046164802392736945,1,0,1,0.07246428654307069
"(25,25), dim=100, K^2=4, RF",200,7891,6,1.0,25,25,2,rf,0.25,no_cf,twoway_cr,1.0484642516046385,0.06903015506142364,0.0453183599641354,0.06903015506142364,1,1,1,0.04846425160463852
"(25,25), dim=100, K^2=4, RF",201,7892,6,1.0,25,25,2,rf,0.25,no_cf,twoway_cr,0.9562719588353014,0.04479834485691774,0.043683300630105205,0.04479834485691774,1,1,1,-0.04372804116469864
"(25,25), dim=100, K^2=4, RF",202,7893,6,1.0,25,25,2,rf,0.25,no_cf,twoway_cr,1.091768391057969,0.06339405245177723,0.04159741358008573,0.06339405245177723,1,0,1,0.09176839105796897
"(25,25), dim=100, K^2=4, RF",203,7894,6,1.0,25,25,2,rf,0.25,no_cf,twoway_cr,1.0728807062556633,0.03666531535257087,0.03406621792211177,0.03666531535257087,0,0,0,0.07288070625566334
"(25,25), dim=100, K^2=4, RF",204,7895,6,1.0,25,25,2,rf,0.25,no_cf,twoway_cr,1.123308163402647,0.043553549809890055,0.03891926440512412,0.043553549809890055,0,0,0,0.12330816340264694
"(25,25), dim=100, K^2=4, RF",205,7896,6,1.0,25,25,2,rf,0.25,no_cf,twoway_cr,0.9965140749885405,0.05220962460304033,0.0426810885360421,0.05220962460304033,1,1,1,-0.003485925011459501
"(25,25), dim=100, K^2=4, RF",206,7897,6,1.0,25,25,2,rf,0.25,no_cf,twoway_cr,1.1064958995297303,0.05218680815008243,0.04185289964530969,0.05218680815008243,0,0,0,0.10649589952973026
"(25,25), dim=100, K^2=4, RF",207,7898,6,1.0,25,25,2,rf,0.25,no_cf,twoway_cr,1.075525366903559,0.05995337580430418,0.044291733158832856,0.05995337580430418,1,1,1,0.07552536690355893
"(25,25), dim=100, K^2=4, RF",208,7899,6,1.0,25,25,2,rf,0.25,no_cf,twoway_cr,0.983614641393185,0.053339959764014504,0.051345812084279546,0.053339959764014504,1,1,1,-0.016385358606815004
"(25,25), dim=100, K^2=4, RF",209,7900,6,1.0,25,25,2,rf,0.25,no_cf,twoway_cr,1.0223956790447422,0.059475877154798074,0.04332062500139413,0.059475877154798074,1,1,1,0.022395679044742156
"(25,25), dim=100, K^2=4, RF",210,7901,6,1.0,25,25,2,rf,0.25,no_cf,twoway_cr,1.0263085799162304,0.057784660770651336,0.04111850074800611,0.057784660770651336,1,1,1,0.026308579916230368
"(25,25), dim=100, K^2=4, RF",211,7902,6,1.0,25,25,2,rf,0.25,no_cf,twoway_cr,1.0382253697392312,0.057306930457328674,0.040520307310818134,0.057306930457328674,1,1,1,0.038225369739231185
"(25,25), dim=100, K^2=4, RF",212,7903,6,1.0,25,25,2,rf,0.25,no_cf,twoway_cr,1.1069423453057545,0.0683735717010545,0.041280580413607104,0.0683735717010545,1,0,1,0.10694234530575453
"(25,25), dim=100, K^2=4, RF",213,7904,6,1.0,25,25,2,rf,0.25,no_cf,twoway_cr,0.9956959826317077,0.027397469093934406,0.04086805255046266,0.027397469093934406,1,1,1,-0.004304017368292334
"(25,25), dim=100, K^2=4, RF",214,7905,6,1.0,25,25,2,rf,0.25,no_cf,twoway_cr,1.0685272980269476,0.06550458039135947,0.04133064795228344,0.06550458039135947,1,1,1,0.06852729802694757
"(25,25), dim=100, K^2=4, RF",215,7906,6,1.0,25,25,2,rf,0.25,no_cf,twoway_cr,1.0585617789882928,0.0481094721573777,0.04274103947250213,0.0481094721573777,1,1,1,0.058561778988292845
"(25,25), dim=100, K^2=4, RF",216,7907,6,1.0,25,25,2,rf,0.25,no_cf,twoway_cr,1.0349102364651463,0.06337498022006584,0.043623534090975725,0.06337498022006584,1,1,1,0.03491023646514635
"(25,25), dim=100, K^2=4, RF",217,7908,6,1.0,25,25,2,rf,0.25,no_cf,twoway_cr,1.0658462918766254,0.05653846101761404,0.04762978470680959,0.05653846101761404,1,1,1,0.06584629187662538
"(25,25), dim=100, K^2=4, RF",218,7909,6,1.0,25,25,2,rf,0.25,no_cf,twoway_cr,1.0465348442719693,0.05819411496876483,0.04185385899168132,0.05819411496876483,1,1,1,0.0465348442719693
"(25,25), dim=100, K^2=4, RF",219,7910,6,1.0,25,25,2,rf,0.25,no_cf,twoway_cr,1.0015414567369103,0.05997419421484137,0.044902975384693386,0.05997419421484137,1,1,1,0.0015414567369103072
